run,kernel,dynamic_ffma_count,total_cycles,cycles_per_ffma,checksum
0,timer_only,0,3,,1.00010001659
0,dependent,131072,573513,4.3755569458,1.03135001659
0,independent_8,131072,200779,1.53182220459,8.0356502533
